"id","uuid","name","name_iso","region_name","sub_region_name","intermediate_region_name","capital_city","tld","languages","geoname_id","dial_prefix","alpha_3_iso","alpha_2_iso","corrency_code_iso","currency_minor_unit_iso","status","created_by","updated_by","deleted_by"
1,"07f3e05c-4d49-11ee-a7c0-33183240fe8c","Taiwan",,,,,"Taipei",".tw","zh-TW,zh,nan,hak",1668284,886,"TWN","TW",,,1,,,
2,"07f3e4f8-4d49-11ee-ad9e-cfdc5cd17877","Afghanistan","AFGHANISTAN","Asia","Southern Asia",,"Kabul",".af","fa-AF,ps,uz-AF,tk",1149361,93,"AFG","AF","AFN",2,1,,,
3,"07f3e764-4d49-11ee-ac6c-6f2b3c23018e","Albania","ALBANIA","Europe","Southern Europe",,"Tirana",".al","sq,el",783754,355,"ALB","AL","ALL",2,1,,,
4,"07f3e9a8-4d49-11ee-afc8-030ce0712ab4","Algeria","ALGERIA","Africa","Northern Africa",,"Algiers",".dz","ar-DZ",2589581,213,"DZA","DZ","DZD",2,1,,,
5,"07f3ebce-4d49-11ee-8933-bb7e3418df4b","American Samoa","AMERICAN SAMOA","Oceania","Polynesia",,"Pago Pago",".as","en-AS,sm,to",5880801,"1-684","ASM","AS","USD",2,1,,,
6,"07f3edf4-4d49-11ee-a2d5-a1a966c346ed","Andorra","ANDORRA","Europe","Southern Europe",,"Andorra la Vella",".ad","ca",3041565,376,"AND","AD","EUR",2,1,,,
7,"07f3f024-4d49-11ee-83ce-d3e5d6ca7c7f","Angola","ANGOLA","Africa","Sub-Saharan Africa","Middle Africa","Luanda",".ao","pt-AO",3351879,244,"AGO","AO","AOA",2,1,,,
8,"07f3f240-4d49-11ee-a7e7-4d9f3b905e27","Anguilla","ANGUILLA","Americas","Latin America and the Caribbean","Caribbean","The Valley",".ai","en-AI",3573511,"1-264","AIA","AI","XCD",2,1,,,
9,"07f3f45c-4d49-11ee-b56b-ed34ea779316","Antarctica","ANTARCTICA",,,,,".aq",,6697173,672,"ATA","AQ",,,1,,,
10,"07f3f696-4d49-11ee-a642-77677f5bbbea","Antigua & Barbuda","ANTIGUA AND BARBUDA","Americas","Latin America and the Caribbean","Caribbean","St. John's",".ag","en-AG",3576396,"1-268","ATG","AG","XCD",2,1,,,
11,"07f3f8c6-4d49-11ee-b195-f94946aa86e6","Argentina","ARGENTINA","Americas","Latin America and the Caribbean","South America","Buenos Aires",".ar","es-AR,en,it,de,fr,gn",3865483,54,"ARG","AR","ARS",2,1,,,
12,"07f3fae2-4d49-11ee-970f-bd6c1d7b2d34","Armenia","ARMENIA","Asia","Western Asia",,"Yerevan",".am","hy",174982,374,"ARM","AM","AMD",2,1,,,
13,"07f3fd08-4d49-11ee-bb99-0fea47e60029","Aruba","ARUBA","Americas","Latin America and the Caribbean","Caribbean","Oranjestad",".aw","nl-AW,pap,es,en",3577279,297,"ABW","AW","AWG",2,1,,,
14,"07f3ff2e-4d49-11ee-84ad-cdef2adea028","Australia","AUSTRALIA","Oceania","Australia and New Zealand",,"Canberra",".au","en-AU",2077456,61,"AUS","AU","AUD",2,1,,,
15,"07f40212-4d49-11ee-b04c-91ac723abd0c","Austria","AUSTRIA","Europe","Western Europe",,"Vienna",".at","de-AT,hr,hu,sl",2782113,43,"AUT","AT","EUR",2,1,,,
16,"07f4042e-4d49-11ee-aff5-3d44e55a2ed6","Azerbaijan","AZERBAIJAN","Asia","Western Asia",,"Baku",".az","az,ru,hy",587116,994,"AZE","AZ","AZN",2,1,,,
17,"07f40672-4d49-11ee-a098-51ddefeb5b69","Bahamas","BAHAMAS","Americas","Latin America and the Caribbean","Caribbean","Nassau",".bs","en-BS",3572887,"1-242","BHS","BS","BSD",2,1,,,
18,"07f408ac-4d49-11ee-b6cf-01043a65f803","Bahrain","BAHRAIN","Asia","Western Asia",,"Manama",".bh","ar-BH,en,fa,ur",290291,973,"BHR","BH","BHD",3,1,,,
19,"07f40ac8-4d49-11ee-ab97-5b664e22e5a5","Bangladesh","BANGLADESH","Asia","Southern Asia",,"Dhaka",".bd","bn-BD,en",1210997,880,"BGD","BD","BDT",2,1,,,
20,"07f40cf8-4d49-11ee-ab2a-ad5c0f1645e3","Barbados","BARBADOS","Americas","Latin America and the Caribbean","Caribbean","Bridgetown",".bb","en-BB",3374084,"1-246","BRB","BB","BBD",2,1,,,
21,"07f40f28-4d49-11ee-94af-1bfd22c527c8","Belarus","BELARUS","Europe","Eastern Europe",,"Minsk",".by","be,ru",630336,375,"BLR","BY","BYN",2,1,,,
22,"07f4114e-4d49-11ee-8485-c797bc12c2a0","Belgium","BELGIUM","Europe","Western Europe",,"Brussels",".be","nl-BE,fr-BE,de-BE",2802361,32,"BEL","BE","EUR",2,1,,,
23,"07f41360-4d49-11ee-95ac-9d4c80011b3d","Belize","BELIZE","Americas","Latin America and the Caribbean","Central America","Belmopan",".bz","en-BZ,es",3582678,501,"BLZ","BZ","BZD",2,1,,,
24,"07f4159a-4d49-11ee-97c5-45f36d799931","Benin","BENIN","Africa","Sub-Saharan Africa","Western Africa","Porto-Novo",".bj","fr-BJ",2395170,229,"BEN","BJ","XOF",0,1,,,
25,"07f417d4-4d49-11ee-a3e9-c9208de22015","Bermuda","BERMUDA","Americas","Northern America",,"Hamilton",".bm","en-BM,pt",3573345,"1-441","BMU","BM","BMD",2,1,,,
26,"07f58c40-4d49-11ee-bc76-a9c3d853b206","Bhutan","BHUTAN","Asia","Southern Asia",,"Thimphu",".bt","dz",1252634,975,"BTN","BT","INR,BTN","2,2",1,,,
27,"07f58fce-4d49-11ee-b105-1d7ded84a8b8","Bolivia","BOLIVIA (PLURINATIONAL STATE OF)","Americas","Latin America and the Caribbean","South America","Sucre",".bo","es-BO,qu,ay",3923057,591,"BOL","BO","BOB",2,1,,,
28,"07f59230-4d49-11ee-b174-0322c51869de","Caribbean Netherlands","BONAIRE, SINT EUSTATIUS AND SABA","Americas","Latin America and the Caribbean","Caribbean",,".bq","nl,pap,en",7626844,599,"BES","BQ","USD",2,1,,,
29,"07f59460-4d49-11ee-94bf-5902ace97c3d","Bosnia","BOSNIA AND HERZEGOVINA","Europe","Southern Europe",,"Sarajevo",".ba","bs,hr-BA,sr-BA",3277605,387,"BIH","BA","BAM",2,1,,,
30,"07f59690-4d49-11ee-8100-f147ed1d014c","Botswana","BOTSWANA","Africa","Sub-Saharan Africa","Southern Africa","Gaborone",".bw","en-BW,tn-BW",933860,267,"BWA","BW","BWP",2,1,,,
31,"07f598a2-4d49-11ee-8bfe-bfb66f6bbbc5","Bouvet Island","BOUVET ISLAND","Americas","Latin America and the Caribbean","South America",,".bv",,3371123,47,"BVT","BV","NOK",2,1,,,
32,"07f59ad2-4d49-11ee-a5d9-6989ca0d8bae","Brazil","BRAZIL","Americas","Latin America and the Caribbean","South America","Brasilia",".br","pt-BR,es,en,fr",3469034,55,"BRA","BR","BRL",2,1,,,
33,"07f59cf8-4d49-11ee-a1af-ff34f5b1673f","British Indian Ocean Territory","BRITISH INDIAN OCEAN TERRITORY","Africa","Sub-Saharan Africa","Eastern Africa","Diego Garcia",".io","en-IO",1282588,246,"IOT","IO","USD",2,1,,,
34,"07f59f32-4d49-11ee-ada8-d313fa627c44","British Virgin Islands","VIRGIN ISLANDS (BRITISH)","Americas","Latin America and the Caribbean","Caribbean","Road Town",".vg","en-VG",3577718,"1-284","VGB","VG","USD",2,1,,,
35,"07f5a158-4d49-11ee-82be-f32b04f22eef","Brunei","BRUNEI DARUSSALAM","Asia","South-eastern Asia",,"Bandar Seri Begawan",".bn","ms-BN,en-BN",1820814,673,"BRN","BN","BND",2,1,,,
36,"07f5a36a-4d49-11ee-a3fa-db182e743a0f","Bulgaria","BULGARIA","Europe","Eastern Europe",,"Sofia",".bg","bg,tr-BG,rom",732800,359,"BGR","BG","BGN",2,1,,,
37,"07f5a59a-4d49-11ee-8515-65a1486c95b4","Burkina Faso","BURKINA FASO","Africa","Sub-Saharan Africa","Western Africa","Ouagadougou",".bf","fr-BF,mos",2361809,226,"BFA","BF","XOF",0,1,,,
38,"07f5a7ca-4d49-11ee-b39d-8da57a4cc63f","Burundi","BURUNDI","Africa","Sub-Saharan Africa","Eastern Africa","Bujumbura",".bi","fr-BI,rn",433561,257,"BDI","BI","BIF",0,1,,,
39,"07f5a9f0-4d49-11ee-a070-cda9cfa973fd","Cape Verde","CABO VERDE","Africa","Sub-Saharan Africa","Western Africa","Praia",".cv","pt-CV",3374766,238,"CPV","CV","CVE",2,1,,,
40,"07f5ac0c-4d49-11ee-8ec7-85f5043131ee","Cambodia","CAMBODIA","Asia","South-eastern Asia",,"Phnom Penh",".kh","km,fr,en",1831722,855,"KHM","KH","KHR",2,1,,,
41,"07f5ae28-4d49-11ee-8a05-7dea9f7e0380","Cameroon","CAMEROON","Africa","Sub-Saharan Africa","Middle Africa","Yaounde",".cm","en-CM,fr-CM",2233387,237,"CMR","CM","XAF",0,1,,,
42,"07f5b04e-4d49-11ee-9812-65ef735da80c","Canada","CANADA","Americas","Northern America",,"Ottawa",".ca","en-CA,fr-CA,iu",6251999,1,"CAN","CA","CAD",2,1,,,
43,"07f5b274-4d49-11ee-9280-01a147e359b7","Cayman Islands","CAYMAN ISLANDS","Americas","Latin America and the Caribbean","Caribbean","George Town",".ky","en-KY",3580718,"1-345","CYM","KY","KYD",2,1,,,
44,"07f5b490-4d49-11ee-92fa-3de2ad7bcf9b","Central African Republic","CENTRAL AFRICAN REPUBLIC","Africa","Sub-Saharan Africa","Middle Africa","Bangui",".cf","fr-CF,sg,ln,kg",239880,236,"CAF","CF","XAF",0,1,,,
45,"07f5b6a2-4d49-11ee-ab7a-a92a08fcc1f0","Chad","CHAD","Africa","Sub-Saharan Africa","Middle Africa","N'Djamena",".td","fr-TD,ar-TD,sre",2434508,235,"TCD","TD","XAF",0,1,,,
46,"07f5b8dc-4d49-11ee-bf1d-0d6a39811ab9","Chile","CHILE","Americas","Latin America and the Caribbean","South America","Santiago",".cl","es-CL",3895114,56,"CHL","CL","CLP",0,1,,,
47,"07f5baee-4d49-11ee-9d6e-9fadfef0320e","China","CHINA","Asia","Eastern Asia",,"Beijing",".cn","zh-CN,yue,wuu,dta,ug,za",1814991,86,"CHN","CN","CNY",2,1,,,
48,"07f5bd14-4d49-11ee-85e2-071d4ab312f7","Hong Kong","HONG KONG","Asia","Eastern Asia",,"Hong Kong",".hk","zh-HK,yue,zh,en",1819730,852,"HKG","HK","HKD",2,1,,,
49,"07f5bf44-4d49-11ee-9f79-c515efe253f3","Macau","MACAO","Asia","Eastern Asia",,"Macao",".mo","zh,zh-MO,pt",1821275,853,"MAC","MO","MOP",2,1,,,
50,"07f5c174-4d49-11ee-bc29-b7848b788787","Christmas Island","CHRISTMAS ISLAND","Oceania","Australia and New Zealand",,"Flying Fish Cove",".cx","en,zh,ms-CC",2078138,61,"CXR","CX","AUD",2,1,,,
51,"07f5c39a-4d49-11ee-8827-f981f66f2b64","Cocos (Keeling) Islands","COCOS (KEELING) ISLANDS","Oceania","Australia and New Zealand",,"West Island",".cc","ms-CC,en",1547376,61,"CCK","CC","AUD",2,1,,,
52,"07f5c5b6-4d49-11ee-b40f-4dabe71665cd","Colombia","COLOMBIA","Americas","Latin America and the Caribbean","South America","Bogota",".co","es-CO",3686110,57,"COL","CO","COP",2,1,,,
53,"07f5c7fa-4d49-11ee-a70e-a54f2678afc9","Comoros","COMOROS","Africa","Sub-Saharan Africa","Eastern Africa","Moroni",".km","ar,fr-KM",921929,269,"COM","KM","KMF",0,1,,,
54,"07f5ca16-4d49-11ee-afdc-490fc5881e10","Congo - Brazzaville","CONGO","Africa","Sub-Saharan Africa","Middle Africa","Brazzaville",".cg","fr-CG,kg,ln-CG",2260494,242,"COG","CG","XAF",0,1,,,
55,"07f5cc32-4d49-11ee-a240-a1236a62668f","Cook Islands","COOK ISLANDS","Oceania","Polynesia",,"Avarua",".ck","en-CK,mi",1899402,682,"COK","CK","NZD",2,1,,,
56,"07f5ce44-4d49-11ee-9784-9bb2f0c05535","Costa Rica","COSTA RICA","Americas","Latin America and the Caribbean","Central America","San Jose",".cr","es-CR,en",3624060,506,"CRI","CR","CRC",2,1,,,
57,"07f5d06a-4d49-11ee-b0ec-af3fb509c831","Croatia","CROATIA","Europe","Southern Europe",,"Zagreb",".hr","hr-HR,sr",3202326,385,"HRV","HR","HRK",2,1,,,
58,"07f5d290-4d49-11ee-8327-c3819ab00d3b","Cuba","CUBA","Americas","Latin America and the Caribbean","Caribbean","Havana",".cu","es-CU,pap",3562981,53,"CUB","CU","CUP,CUC","2,2",1,,,
59,"07f5d498-4d49-11ee-9ecb-657dcc5084ef","CuraÃ§ao","CURAÃ‡AO","Americas","Latin America and the Caribbean","Caribbean"," Willemstad",".cw","nl,pap",7626836,599,"CUW","CW","ANG",2,1,,,
60,"07f5d74a-4d49-11ee-8426-45109b546458","Cyprus","CYPRUS","Asia","Western Asia",,"Nicosia",".cy","el-CY,tr-CY,en",146669,357,"CYP","CY","EUR",2,1,,,
61,"07f5d95c-4d49-11ee-9fb7-3553270d1723","Czechia","CZECHIA","Europe","Eastern Europe",,"Prague",".cz","cs,sk",3077311,420,"CZE","CZ","CZK",2,1,,,
62,"07f5db8c-4d49-11ee-8797-c9f4a65882d1","CÃ´te dâ€™Ivoire","CÃ”TE D'IVOIRE","Africa","Sub-Saharan Africa","Western Africa","Yamoussoukro",".ci","fr-CI",2287781,225,"CIV","CI","XOF",0,1,,,
63,"07f5ddbc-4d49-11ee-82c0-fd7465c41ea9","North Korea","KOREA (THE DEMOCRATIC PEOPLEâ€™S REPUBLIC OF)","Asia","Eastern Asia",,"Pyongyang",".kp","ko-KP",1873107,850,"PRK","KP","KPW",2,1,,,
64,"07f5dfe2-4d49-11ee-ab2f-877008dcadd8","Congo - Kinshasa","CONGO (THE DEMOCRATIC REPUBLIC OF THE)","Africa","Sub-Saharan Africa","Middle Africa","Kinshasa",".cd","fr-CD,ln,ktu,kg,sw,lua",203312,243,"COD","CD","CDF",2,1,,,
65,"07f5e1fe-4d49-11ee-981e-a7ec80c3beed","Denmark","DENMARK","Europe","Northern Europe",,"Copenhagen",".dk","da-DK,en,fo,de-DK",2623032,45,"DNK","DK","DKK",2,1,,,
66,"07f5e424-4d49-11ee-a91c-fb0eff95a292","Djibouti","DJIBOUTI","Africa","Sub-Saharan Africa","Eastern Africa","Djibouti",".dj","fr-DJ,ar,so-DJ,aa",223816,253,"DJI","DJ","DJF",0,1,,,
67,"07f5e65e-4d49-11ee-9520-891a831f29a9","Dominica","DOMINICA","Americas","Latin America and the Caribbean","Caribbean","Roseau",".dm","en-DM",3575830,"1-767","DMA","DM","XCD",2,1,,,
68,"07f5e87a-4d49-11ee-aced-aded37e5816d","Dominican Republic","DOMINICAN REPUBLIC","Americas","Latin America and the Caribbean","Caribbean","Santo Domingo",".do","es-DO",3508796,"1-809,1-829,1-849","DOM","DO","DOP",2,1,,,
69,"07f5ea96-4d49-11ee-a276-518845067b83","Ecuador","ECUADOR","Americas","Latin America and the Caribbean","South America","Quito",".ec","es-EC",3658394,593,"ECU","EC","USD",2,1,,,
70,"07f5ecc6-4d49-11ee-8281-ff4b278a6b9b","Egypt","EGYPT","Africa","Northern Africa",,"Cairo",".eg","ar-EG,en,fr",357994,20,"EGY","EG","EGP",2,1,,,
71,"07f5eee2-4d49-11ee-932c-0d29fbec484c","El Salvador","EL SALVADOR","Americas","Latin America and the Caribbean","Central America","San Salvador",".sv","es-SV",3585968,503,"SLV","SV","SVC,USD","2,2",1,,,
72,"07f5f0f4-4d49-11ee-8bc3-11b515dd72ef","Equatorial Guinea","EQUATORIAL GUINEA","Africa","Sub-Saharan Africa","Middle Africa","Malabo",".gq","es-GQ,fr",2309096,240,"GNQ","GQ","XAF",0,1,,,
73,"07f5f310-4d49-11ee-af0f-e52cc2053723","Eritrea","ERITREA","Africa","Sub-Saharan Africa","Eastern Africa","Asmara",".er","aa-ER,ar,tig,kun,ti-ER",338010,291,"ERI","ER","ERN",2,1,,,
74,"07f5f540-4d49-11ee-ad3a-b7ab1f004653","Estonia","ESTONIA","Europe","Northern Europe",,"Tallinn",".ee","et,ru",453733,372,"EST","EE","EUR",2,1,,,
75,"07f5f75c-4d49-11ee-b46b-bbd764a39638","Eswatini","ESWATINI","Africa","Sub-Saharan Africa","Southern Africa","Mbabane",".sz","en-SZ,ss-SZ",934841,268,"SWZ","SZ","SZL",2,1,,,
76,"07f5f978-4d49-11ee-bfa2-1bfe1cdb7b0a","Ethiopia","ETHIOPIA","Africa","Sub-Saharan Africa","Eastern Africa","Addis Ababa",".et","am,en-ET,om-ET,ti-ET,so-ET,sid",337996,251,"ETH","ET","ETB",2,1,,,
77,"07f5fb9e-4d49-11ee-b7cf-735458079818","Falkland Islands",,"Americas","Latin America and the Caribbean","South America","Stanley",".fk","en-FK",3474414,500,"FLK","FK",,,1,,,
78,"07f5fdce-4d49-11ee-86d9-01b6eecb59d5","Faroe Islands","FAROE ISLANDS","Europe","Northern Europe",,"Torshavn",".fo","fo,da-FO",2622320,298,"FRO","FO","DKK",2,1,,,
79,"07f5ffea-4d49-11ee-814b-a394f4453039","Fiji","FIJI","Oceania","Melanesia",,"Suva",".fj","en-FJ,fj",2205218,679,"FJI","FJ","FJD",2,1,,,
80,"07f60210-4d49-11ee-814a-637b9036720f","Finland","FINLAND","Europe","Northern Europe",,"Helsinki",".fi","fi-FI,sv-FI,smn",660013,358,"FIN","FI","EUR",2,1,,,
81,"07f6042c-4d49-11ee-a461-61a6e8f9439b","France","FRANCE","Europe","Western Europe",,"Paris",".fr","fr-FR,frp,br,co,ca,eu,oc",3017382,33,"FRA","FR","EUR",2,1,,,
82,"07f60652-4d49-11ee-91ee-8128380f241e","French Guiana","FRENCH GUIANA","Americas","Latin America and the Caribbean","South America","Cayenne",".gf","fr-GF",3381670,594,"GUF","GF","EUR",2,1,,,
83,"07f6086e-4d49-11ee-a464-4f28621a1c32","French Polynesia","FRENCH POLYNESIA","Oceania","Polynesia",,"Papeete",".pf","fr-PF,ty",4030656,689,"PYF","PF","XPF",0,1,,,
84,"07f60a94-4d49-11ee-bf4a-29e6c0ce655c","French Southern Territories","FRENCH SOUTHERN TERRITORIES","Africa","Sub-Saharan Africa","Eastern Africa","Port-aux-Francais",".tf","fr",1546748,262,"ATF","TF","EUR",2,1,,,
85,"07f60ca6-4d49-11ee-a704-a19bde0503c3","Gabon","GABON","Africa","Sub-Saharan Africa","Middle Africa","Libreville",".ga","fr-GA",2400553,241,"GAB","GA","XAF",0,1,,,
86,"07f60ee0-4d49-11ee-a3f2-8f2a4f4681d5","Gambia","GAMBIA","Africa","Sub-Saharan Africa","Western Africa","Banjul",".gm","en-GM,mnk,wof,wo,ff",2413451,220,"GMB","GM","GMD",2,1,,,
87,"07f61138-4d49-11ee-b433-6b46c02057c2","Georgia","GEORGIA","Asia","Western Asia",,"Tbilisi",".ge","ka,ru,hy,az",614540,995,"GEO","GE","GEL",2,1,,,
88,"07f61390-4d49-11ee-9756-b5de5fd26ae7","Germany","GERMANY","Europe","Western Europe",,"Berlin",".de","de",2921044,49,"DEU","DE","EUR",2,1,,,
89,"07f615de-4d49-11ee-b363-3395213b2428","Ghana","GHANA","Africa","Sub-Saharan Africa","Western Africa","Accra",".gh","en-GH,ak,ee,tw",2300660,233,"GHA","GH","GHS",2,1,,,
90,"07f61840-4d49-11ee-9575-f9532a51e320","Gibraltar","GIBRALTAR","Europe","Southern Europe",,"Gibraltar",".gi","en-GI,es,it,pt",2411586,350,"GIB","GI","GIP",2,1,,,
91,"07f61a98-4d49-11ee-9983-d58d143d44c0","Greece","GREECE","Europe","Southern Europe",,"Athens",".gr","el-GR,en,fr",390903,30,"GRC","GR","EUR",2,1,,,
92,"07f61ca0-4d49-11ee-931c-73b085c7e137","Greenland","GREENLAND","Americas","Northern America",,"Nuuk",".gl","kl,da-GL,en",3425505,299,"GRL","GL","DKK",2,1,,,
93,"07f61ea8-4d49-11ee-805a-f3821b5e2afd","Grenada","GRENADA","Americas","Latin America and the Caribbean","Caribbean","St. George's",".gd","en-GD",3580239,"1-473","GRD","GD","XCD",2,1,,,
94,"07f62100-4d49-11ee-9129-e74ea3bad215","Guadeloupe","GUADELOUPE","Americas","Latin America and the Caribbean","Caribbean","Basse-Terre",".gp","fr-GP",3579143,590,"GLP","GP","EUR",2,1,,,
95,"07f62326-4d49-11ee-a937-578de0b86332","Guam","GUAM","Oceania","Micronesia",,"Hagatna",".gu","en-GU,ch-GU",4043988,"1-671","GUM","GU","USD",2,1,,,
96,"07f62510-4d49-11ee-b518-1de73272ebd4","Guatemala","GUATEMALA","Americas","Latin America and the Caribbean","Central America","Guatemala City",".gt","es-GT",3595528,502,"GTM","GT","GTQ",2,1,,,
97,"07f626f0-4d49-11ee-84d9-39a23bc74ec2","Guernsey","GUERNSEY","Europe","Northern Europe","Channel Islands","St Peter Port",".gg","en,nrf",3042362,44,"GGY","GG","GBP",2,1,,,
98,"07f628e4-4d49-11ee-b26b-89a318baeb92","Guinea","GUINEA","Africa","Sub-Saharan Africa","Western Africa","Conakry",".gn","fr-GN",2420477,224,"GIN","GN","GNF",0,1,,,
99,"07f62b14-4d49-11ee-881f-256e7e2745af","Guinea-Bissau","GUINEA-BISSAU","Africa","Sub-Saharan Africa","Western Africa","Bissau",".gw","pt-GW,pov",2372248,245,"GNB","GW","XOF",0,1,,,
100,"07f62d30-4d49-11ee-86f1-396e59dec506","Guyana","GUYANA","Americas","Latin America and the Caribbean","South America","Georgetown",".gy","en-GY",3378535,592,"GUY","GY","GYD",2,1,,,
101,"07f62f4c-4d49-11ee-a790-119fa745267b","Haiti","HAITI","Americas","Latin America and the Caribbean","Caribbean","Port-au-Prince",".ht","ht,fr-HT",3723988,509,"HTI","HT","HTG,USD","2,2",1,,,
102,"07f6315e-4d49-11ee-9033-a943a4b018d4","Heard & McDonald Islands","HEARD ISLAND AND MCDONALD ISLANDS","Oceania","Australia and New Zealand",,,".hm",,1547314,672,"HMD","HM","AUD",2,1,,,
103,"07f63366-4d49-11ee-9498-e7e516183318","Vatican City","HOLY SEE","Europe","Southern Europe",,"Vatican City",".va","la,it,fr",3164670,14397,"VAT","VA","EUR",2,1,,,
104,"07f635c8-4d49-11ee-8551-9b3fa0742240","Honduras","HONDURAS","Americas","Latin America and the Caribbean","Central America","Tegucigalpa",".hn","es-HN,cab,miq",3608932,504,"HND","HN","HNL",2,1,,,
105,"07f637ee-4d49-11ee-ad13-457e6e0769d7","Hungary","HUNGARY","Europe","Eastern Europe",,"Budapest",".hu","hu-HU",719819,36,"HUN","HU","HUF",2,1,,,
106,"07f63a00-4d49-11ee-86f0-498f518613b7","Iceland","ICELAND","Europe","Northern Europe",,"Reykjavik",".is","is,en,de,da,sv,no",2629691,354,"ISL","IS","ISK",0,1,,,
107,"07f63c30-4d49-11ee-ad8b-55b29bf075f0","India","INDIA","Asia","Southern Asia",,"New Delhi",".in","en-IN,hi,bn,te,mr,ta,ur,gu,kn,ml,or,pa,as,bh,sat,ks,ne,sd,kok,doi,mni,sit,sa,fr,lus,inc",1269750,91,"IND","IN","INR",2,1,,,
108,"07f63e74-4d49-11ee-8c06-c5be85fc5b2c","Indonesia","INDONESIA","Asia","South-eastern Asia",,"Jakarta",".id","id,en,nl,jv",1643084,62,"IDN","ID","IDR",2,1,,,
109,"07f64068-4d49-11ee-8c6c-45adf902984b","Iran","IRAN (ISLAMIC REPUBLIC OF)","Asia","Southern Asia",,"Tehran",".ir","fa-IR,ku",130758,98,"IRN","IR","IRR",2,1,,,
110,"07f641b2-4d49-11ee-8c3d-3d88105e67a4","Iraq","IRAQ","Asia","Western Asia",,"Baghdad",".iq","ar-IQ,ku,hy",99237,964,"IRQ","IQ","IQD",3,1,,,
111,"07f642f2-4d49-11ee-aab4-b991e1e3b013","Ireland","IRELAND","Europe","Northern Europe",,"Dublin",".ie","en-IE,ga-IE",2963597,353,"IRL","IE","EUR",2,1,,,
112,"07f64432-4d49-11ee-805f-e75878cd96e0","Isle of Man","ISLE OF MAN","Europe","Northern Europe",,"Douglas",".im","en,gv",3042225,44,"IMN","IM","GBP",2,1,,,
113,"07f64572-4d49-11ee-b535-033aba18fe19","Israel","ISRAEL","Asia","Western Asia",,"Jerusalem",".il","he,ar-IL,en-IL,",294640,972,"ISR","IL","ILS",2,1,,,
114,"07f646bc-4d49-11ee-8cb1-ffd3a86b58c5","Italy","ITALY","Europe","Southern Europe",,"Rome",".it","it-IT,de-IT,fr-IT,sc,ca,co,sl",3175395,39,"ITA","IT","EUR",2,1,,,
115,"07f647f2-4d49-11ee-bb2f-ed67c3d0dfe2","Jamaica","JAMAICA","Americas","Latin America and the Caribbean","Caribbean","Kingston",".jm","en-JM",3489940,"1-876","JAM","JM","JMD",2,1,,,
116,"07f64932-4d49-11ee-b769-c33db2054844","Japan","JAPAN","Asia","Eastern Asia",,"Tokyo",".jp","ja",1861060,81,"JPN","JP","JPY",0,1,,,
117,"07f64a7c-4d49-11ee-aec8-2be8fd3b09c3","Jersey","JERSEY","Europe","Northern Europe","Channel Islands","Saint Helier",".je","en,fr,nrf",3042142,44,"JEY","JE","GBP",2,1,,,
118,"07f64bbc-4d49-11ee-962a-c713aebad478","Jordan","JORDAN","Asia","Western Asia",,"Amman",".jo","ar-JO,en",248816,962,"JOR","JO","JOD",3,1,,,
119,"07f64cfc-4d49-11ee-bf7d-71c9268564c0","Kazakhstan","KAZAKHSTAN","Asia","Central Asia",,"Astana",".kz","kk,ru",1522867,7,"KAZ","KZ","KZT",2,1,,,
120,"07f64e32-4d49-11ee-9526-cb3636413c4f","Kenya","KENYA","Africa","Sub-Saharan Africa","Eastern Africa","Nairobi",".ke","en-KE,sw-KE",192950,254,"KEN","KE","KES",2,1,,,
121,"07f64f72-4d49-11ee-9c05-df3c3ed1ebc5","Kiribati","KIRIBATI","Oceania","Micronesia",,"Tarawa",".ki","en-KI,gil",4030945,686,"KIR","KI","AUD",2,1,,,
122,"07f6518e-4d49-11ee-b625-bde3040d255e","Kuwait","KUWAIT","Asia","Western Asia",,"Kuwait City",".kw","ar-KW,en",285570,965,"KWT","KW","KWD",3,1,,,
123,"07f653d2-4d49-11ee-ba0a-0daa09662013","Kyrgyzstan","KYRGYZSTAN","Asia","Central Asia",,"Bishkek",".kg","ky,uz,ru",1527747,996,"KGZ","KG","KGS",2,1,,,
124,"07f655da-4d49-11ee-a9a4-13a4176a8907","Laos","LAO PEOPLEâ€™S DEMOCRATIC REPUBLIC","Asia","South-eastern Asia",,"Vientiane",".la","lo,fr,en",1655842,856,"LAO","LA","LAK",2,1,,,
125,"07f65800-4d49-11ee-a662-1ff98c534391","Latvia","LATVIA","Europe","Northern Europe",,"Riga",".lv","lv,ru,lt",458258,371,"LVA","LV","EUR",2,1,,,
126,"07f65a4e-4d49-11ee-8a70-2b7c5c452563","Lebanon","LEBANON","Asia","Western Asia",,"Beirut",".lb","ar-LB,fr-LB,en,hy",272103,961,"LBN","LB","LBP",2,1,,,
127,"07f65c7e-4d49-11ee-8e91-dd4a0f4e1cde","Lesotho","LESOTHO","Africa","Sub-Saharan Africa","Southern Africa","Maseru",".ls","en-LS,st,zu,xh",932692,266,"LSO","LS","LSL,ZAR","2,2",1,,,
128,"07f65ea4-4d49-11ee-be8e-cfb6caa0dd95","Liberia","LIBERIA","Africa","Sub-Saharan Africa","Western Africa","Monrovia",".lr","en-LR",2275384,231,"LBR","LR","LRD",2,1,,,
129,"07f660d4-4d49-11ee-b224-75753ef7dc1b","Libya","LIBYA","Africa","Northern Africa",,"Tripoli",".ly","ar-LY,it,en",2215636,218,"LBY","LY","LYD",3,1,,,
130,"07f66304-4d49-11ee-a8fe-5391773284cc","Liechtenstein","LIECHTENSTEIN","Europe","Western Europe",,"Vaduz",".li","de-LI",3042058,423,"LIE","LI","CHF",2,1,,,
131,"07f66534-4d49-11ee-8cae-e3b9e35c477f","Lithuania","LITHUANIA","Europe","Northern Europe",,"Vilnius",".lt","lt,ru,pl",597427,370,"LTU","LT","EUR",2,1,,,
132,"07f66750-4d49-11ee-bdbe-756fd0e42b13","Luxembourg","LUXEMBOURG","Europe","Western Europe",,"Luxembourg",".lu","lb,de-LU,fr-LU",2960313,352,"LUX","LU","EUR",2,1,,,
133,"07f66994-4d49-11ee-8056-5747661ba424","Madagascar","MADAGASCAR","Africa","Sub-Saharan Africa","Eastern Africa","Antananarivo",".mg","fr-MG,mg",1062947,261,"MDG","MG","MGA",2,1,,,
134,"07f66bce-4d49-11ee-825e-2115d39aef7c","Malawi","MALAWI","Africa","Sub-Saharan Africa","Eastern Africa","Lilongwe",".mw","ny,yao,tum,swk",927384,265,"MWI","MW","MWK",2,1,,,
135,"07f66dfe-4d49-11ee-96c9-c58f9287304e","Malaysia","MALAYSIA","Asia","South-eastern Asia",,"Kuala Lumpur",".my","ms-MY,en,zh,ta,te,ml,pa,th",1733045,60,"MYS","MY","MYR",2,1,,,
136,"07f67056-4d49-11ee-8277-41f3a8e7aed1","Maldives","MALDIVES","Asia","Southern Asia",,"Male",".mv","dv,en",1282028,960,"MDV","MV","MVR",2,1,,,
137,"07f6731c-4d49-11ee-8d1f-6b7adf4b827e","Mali","MALI","Africa","Sub-Saharan Africa","Western Africa","Bamako",".ml","fr-ML,bm",2453866,223,"MLI","ML","XOF",0,1,,,
138,"07f67556-4d49-11ee-be74-3540896a9e62","Malta","MALTA","Europe","Southern Europe",,"Valletta",".mt","mt,en-MT",2562770,356,"MLT","MT","EUR",2,1,,,
139,"07f67786-4d49-11ee-a9b8-47b6ed8ade9c","Marshall Islands","MARSHALL ISLANDS","Oceania","Micronesia",,"Majuro",".mh","mh,en-MH",2080185,692,"MHL","MH","USD",2,1,,,
140,"07f679b6-4d49-11ee-bb43-99e3efa3e1f2","Martinique","MARTINIQUE","Americas","Latin America and the Caribbean","Caribbean","Fort-de-France",".mq","fr-MQ",3570311,596,"MTQ","MQ","EUR",2,1,,,
141,"07f67be6-4d49-11ee-bb4e-1d4b053c98e4","Mauritania","MAURITANIA","Africa","Sub-Saharan Africa","Western Africa","Nouakchott",".mr","ar-MR,fuc,snk,fr,mey,wo",2378080,222,"MRT","MR","MRU",2,1,,,
142,"07f67e0c-4d49-11ee-b4d4-ad8e2b9264c3","Mauritius","MAURITIUS","Africa","Sub-Saharan Africa","Eastern Africa","Port Louis",".mu","en-MU,bho,fr",934292,230,"MUS","MU","MUR",2,1,,,
143,"07f68032-4d49-11ee-a2a5-8fcc8a449ce6","Mayotte","MAYOTTE","Africa","Sub-Saharan Africa","Eastern Africa","Mamoudzou",".yt","fr-YT",1024031,262,"MYT","YT","EUR",2,1,,,
144,"07f68262-4d49-11ee-b06b-bfca6dbc5f41","Mexico","MEXICO","Americas","Latin America and the Caribbean","Central America","Mexico City",".mx","es-MX",3996063,52,"MEX","MX","MXN",2,1,,,
145,"07f68488-4d49-11ee-ac8b-3724e41ba2df","Micronesia","MICRONESIA (FEDERATED STATES OF)","Oceania","Micronesia",,"Palikir",".fm","en-FM,chk,pon,yap,kos,uli,woe,nkr,kpg",2081918,691,"FSM","FM","USD",2,1,,,
146,"07f686cc-4d49-11ee-baff-9d6f5f9483a0","Monaco","MONACO","Europe","Western Europe",,"Monaco",".mc","fr-MC,en,it",2993457,377,"MCO","MC","EUR",2,1,,,
147,"07f688fc-4d49-11ee-b295-2d352f9f6105","Mongolia","MONGOLIA","Asia","Eastern Asia",,"Ulan Bator",".mn","mn,ru",2029969,976,"MNG","MN","MNT",2,1,,,
148,"07f68b2c-4d49-11ee-a93d-29ced6a55354","Montenegro","MONTENEGRO","Europe","Southern Europe",,"Podgorica",".me","sr,hu,bs,sq,hr,rom",3194884,382,"MNE","ME","EUR",2,1,,,
149,"07f68d52-4d49-11ee-92a8-850431b5a82c","Montserrat","MONTSERRAT","Americas","Latin America and the Caribbean","Caribbean","Plymouth",".ms","en-MS",3578097,"1-664","MSR","MS","XCD",2,1,,,
150,"07f68f78-4d49-11ee-b2c7-1f0424d159bb","Morocco","MOROCCO","Africa","Northern Africa",,"Rabat",".ma","ar-MA,ber,fr",2542007,212,"MAR","MA","MAD",2,1,,,
151,"07f6919e-4d49-11ee-a817-3de98d8c3720","Mozambique","MOZAMBIQUE","Africa","Sub-Saharan Africa","Eastern Africa","Maputo",".mz","pt-MZ,vmw",1036973,258,"MOZ","MZ","MZN",2,1,,,
152,"07f693c4-4d49-11ee-889b-95ff9fb6eee4","Myanmar","MYANMAR","Asia","South-eastern Asia",,"Nay Pyi Taw",".mm","my",1327865,95,"MMR","MM","MMK",2,1,,,
153,"07f695ea-4d49-11ee-a473-85936531df64","Namibia","NAMIBIA","Africa","Sub-Saharan Africa","Southern Africa","Windhoek",".na","en-NA,af,de,hz,naq",3355338,264,"NAM","NA","NAD,ZAR","2,2",1,,,
154,"07f69810-4d49-11ee-8ec8-e31d039b3e29","Nauru","NAURU","Oceania","Micronesia",,"Yaren",".nr","na,en-NR",2110425,674,"NRU","NR","AUD",2,1,,,
155,"07f69a36-4d49-11ee-90bc-77bc77cfbf4a","Nepal","NEPAL","Asia","Southern Asia",,"Kathmandu",".np","ne,en",1282988,977,"NPL","NP","NPR",2,1,,,
156,"07f69c66-4d49-11ee-81b2-a7b9e46a41be","Netherlands","NETHERLANDS","Europe","Western Europe",,"Amsterdam",".nl","nl-NL,fy-NL",2750405,31,"NLD","NL","EUR",2,1,,,
157,"07f69e8c-4d49-11ee-a33a-adc69c6db234","New Caledonia","NEW CALEDONIA","Oceania","Melanesia",,"Noumea",".nc","fr-NC",2139685,687,"NCL","NC","XPF",0,1,,,
158,"07f6a0bc-4d49-11ee-9f51-9b1a91644c76","New Zealand","NEW ZEALAND","Oceania","Australia and New Zealand",,"Wellington",".nz","en-NZ,mi",2186224,64,"NZL","NZ","NZD",2,1,,,
159,"07f6a2e2-4d49-11ee-bb9f-951a2b191822","Nicaragua","NICARAGUA","Americas","Latin America and the Caribbean","Central America","Managua",".ni","es-NI,en",3617476,505,"NIC","NI","NIO",2,1,,,
160,"07f6a508-4d49-11ee-8ea8-19999b3f45b4","Niger","NIGER","Africa","Sub-Saharan Africa","Western Africa","Niamey",".ne","fr-NE,ha,kr,dje",2440476,227,"NER","NE","XOF",0,1,,,
161,"07f6a6f2-4d49-11ee-b3a5-19bf42125743","Nigeria","NIGERIA","Africa","Sub-Saharan Africa","Western Africa","Abuja",".ng","en-NG,ha,yo,ig,ff",2328926,234,"NGA","NG","NGN",2,1,,,
162,"07f6a936-4d49-11ee-aaea-ad6009e35126","Niue","NIUE","Oceania","Polynesia",,"Alofi",".nu","niu,en-NU",4036232,683,"NIU","NU","NZD",2,1,,,
163,"07f6ab66-4d49-11ee-a917-2facd6945749","Norfolk Island","NORFOLK ISLAND","Oceania","Australia and New Zealand",,"Kingston",".nf","en-NF",2155115,672,"NFK","NF","AUD",2,1,,,
164,"07f6adb4-4d49-11ee-9a94-9be910e8094e","Northern Mariana Islands","NORTHERN MARIANA ISLANDS","Oceania","Micronesia",,"Saipan",".mp","fil,tl,zh,ch-MP,en-MP",4041468,"1-670","MNP","MP","USD",2,1,,,
165,"07f6afd0-4d49-11ee-883f-2bba6cd05f03","Norway","NORWAY","Europe","Northern Europe",,"Oslo",".no","no,nb,nn,se,fi",3144096,47,"NOR","NO","NOK",2,1,,,
166,"07f6b214-4d49-11ee-ad9e-97465e91b9d6","Oman","OMAN","Asia","Western Asia",,"Muscat",".om","ar-OM,en,bal,ur",286963,968,"OMN","OM","OMR",3,1,,,
167,"07f6b444-4d49-11ee-823d-b18ecee45254","Pakistan","PAKISTAN","Asia","Southern Asia",,"Islamabad",".pk","ur-PK,en-PK,pa,sd,ps,brh",1168579,92,"PAK","PK","PKR",2,1,,,
168,"07f6b69c-4d49-11ee-8d14-a9d11d7a7395","Palau","PALAU","Oceania","Micronesia",,"Melekeok",".pw","pau,sov,en-PW,tox,ja,fil,zh",1559582,680,"PLW","PW","USD",2,1,,,
169,"07f6b8cc-4d49-11ee-802c-2551c768e9c6","Panama","PANAMA","Americas","Latin America and the Caribbean","Central America","Panama City",".pa","es-PA,en",3703430,507,"PAN","PA","PAB,USD","2,2",1,,,
170,"07f6baf2-4d49-11ee-ba3c-8590a84a982b","Papua New Guinea","PAPUA NEW GUINEA","Oceania","Melanesia",,"Port Moresby",".pg","en-PG,ho,meu,tpi",2088628,675,"PNG","PG","PGK",2,1,,,
171,"07f6bcd2-4d49-11ee-9607-cf24d13ffdc2","Paraguay","PARAGUAY","Americas","Latin America and the Caribbean","South America","Asuncion",".py","es-PY,gn",3437598,595,"PRY","PY","PYG",0,1,,,
172,"07f6bef8-4d49-11ee-af28-8795d9f856a7","Peru","PERU","Americas","Latin America and the Caribbean","South America","Lima",".pe","es-PE,qu,ay",3932488,51,"PER","PE","PEN",2,1,,,
173,"07f6c132-4d49-11ee-8fb2-136201eb1842","Philippines","PHILIPPINES","Asia","South-eastern Asia",,"Manila",".ph","tl,en-PH,fil,ceb,tgl,ilo,hil,war,pam,bik,bcl,pag,mrw,tsg,mdh,cbk,krj,sgd,msb,akl,ibg,yka,mta,abx",1694008,63,"PHL","PH","PHP",2,1,,,
174,"07f6c362-4d49-11ee-a1f5-6fb3d2a1fd05","Pitcairn Islands","PITCAIRN","Oceania","Polynesia",,"Adamstown",".pn","en-PN",4030699,870,"PCN","PN","NZD",2,1,,,
175,"07f6c592-4d49-11ee-a346-dd9730f627d3","Poland","POLAND","Europe","Eastern Europe",,"Warsaw",".pl","pl",798544,48,"POL","PL","PLN",2,1,,,
176,"07f6c7b8-4d49-11ee-86e2-49647e71344b","Portugal","PORTUGAL","Europe","Southern Europe",,"Lisbon",".pt","pt-PT,mwl",2264397,351,"PRT","PT","EUR",2,1,,,
177,"07f6c916-4d49-11ee-afaf-45be3a7870fa","Puerto Rico","PUERTO RICO","Americas","Latin America and the Caribbean","Caribbean","San Juan",".pr","en-PR,es-PR",4566966,1,"PRI","PR","USD",2,1,,,
178,"07f6cb50-4d49-11ee-8e01-cf4b28fd5719","Qatar","QATAR","Asia","Western Asia",,"Doha",".qa","ar-QA,es",289688,974,"QAT","QA","QAR",2,1,,,
179,"07f6cd94-4d49-11ee-b43a-279a314ecd00","South Korea","KOREA (THE REPUBLIC OF)","Asia","Eastern Asia",,"Seoul",".kr","ko-KR,en",1835841,82,"KOR","KR","KRW",0,1,,,
180,"07f6cfce-4d49-11ee-a9f1-bb0d20da96cd","Moldova","MOLDOVA (THE REPUBLIC OF)","Europe","Eastern Europe",,"Chisinau",".md","ro,ru,gag,tr",617790,373,"MDA","MD","MDL",2,1,,,
181,"07f6d208-4d49-11ee-a835-1b1cbe22538c","Romania","ROMANIA","Europe","Eastern Europe",,"Bucharest",".ro","ro,hu,rom",798549,40,"ROU","RO","RON",2,1,,,
182,"07f6d42e-4d49-11ee-95fd-5dc66ab5e370","Russia","RUSSIAN FEDERATION","Europe","Eastern Europe",,"Moscow",".ru","ru,tt,xal,cau,ady,kv,ce,tyv,cv,udm,tut,mns,bua,myv,mdf,chm,ba,inh,tut,kbd,krc,av,sah,nog",2017370,7,"RUS","RU","RUB",2,1,,,
183,"07f6d654-4d49-11ee-8af7-35925ef44747","Rwanda","RWANDA","Africa","Sub-Saharan Africa","Eastern Africa","Kigali",".rw","rw,en-RW,fr-RW,sw",49518,250,"RWA","RW","RWF",0,1,,,
184,"07f6d87a-4d49-11ee-9b73-59535bc3ba4e","RÃ©union","RÃ‰UNION","Africa","Sub-Saharan Africa","Eastern Africa","Saint-Denis",".re","fr-RE",935317,262,"REU","RE","EUR",2,1,,,
185,"07f6daa0-4d49-11ee-8d16-e3f108b5401e","St. BarthÃ©lemy","SAINT BARTHÃ‰LEMY","Americas","Latin America and the Caribbean","Caribbean","Gustavia",".gp","fr",3578476,590,"BLM","BL","EUR",2,1,,,
186,"07f6dcd0-4d49-11ee-83f6-0b9c2f24a886","St. Helena","SAINT HELENA, ASCENSION AND TRISTAN DA CUNHA","Africa","Sub-Saharan Africa","Western Africa","Jamestown",".sh","en-SH",3370751,290,"SHN","SH","SHP",2,1,,,
187,"07f6def6-4d49-11ee-9a5f-2bff66096105","St. Kitts & Nevis","SAINT KITTS AND NEVIS","Americas","Latin America and the Caribbean","Caribbean","Basseterre",".kn","en-KN",3575174,"1-869","KNA","KN","XCD",2,1,,,
188,"07f6e126-4d49-11ee-b9a5-b13e7b1af68a","St. Lucia","SAINT LUCIA","Americas","Latin America and the Caribbean","Caribbean","Castries",".lc","en-LC",3576468,"1-758","LCA","LC","XCD",2,1,,,
189,"07f6e34c-4d49-11ee-8efa-a39e59630890","St. Martin","SAINT MARTIN (FRENCH PART)","Americas","Latin America and the Caribbean","Caribbean","Marigot",".gp","fr",3578421,590,"MAF","MF","EUR",2,1,,,
190,"07f6e572-4d49-11ee-912b-577b01491d9b","St. Pierre & Miquelon","SAINT PIERRE AND MIQUELON","Americas","Northern America",,"Saint-Pierre",".pm","fr-PM",3424932,508,"SPM","PM","EUR",2,1,,,
191,"07f6e798-4d49-11ee-83a2-71bd1d53a70a","St. Vincent & Grenadines","SAINT VINCENT AND THE GRENADINES","Americas","Latin America and the Caribbean","Caribbean","Kingstown",".vc","en-VC,fr",3577815,"1-784","VCT","VC","XCD",2,1,,,
192,"07f6e9be-4d49-11ee-b55f-2599871be970","Samoa","SAMOA","Oceania","Polynesia",,"Apia",".ws","sm,en-WS",4034894,685,"WSM","WS","WST",2,1,,,
193,"07f6ebe4-4d49-11ee-981f-69518e99e86b","San Marino","SAN MARINO","Europe","Southern Europe",,"San Marino",".sm","it-SM",3168068,378,"SMR","SM","EUR",2,1,,,
194,"07f6ee14-4d49-11ee-8dda-f79116fd0d21","SÃ£o TomÃ© & PrÃ­ncipe","SAO TOME AND PRINCIPE","Africa","Sub-Saharan Africa","Middle Africa","Sao Tome",".st","pt-ST",2410758,239,"STP","ST","STN",2,1,,,
195,"07f6f044-4d49-11ee-9bbf-4f1c70d1e032","Saudi Arabia","SAUDI ARABIA","Asia","Western Asia",,"Riyadh",".sa","ar-SA",102358,966,"SAU","SA","SAR",2,1,,,
196,"07f6f26a-4d49-11ee-8457-5d53f58e435a","Senegal","SENEGAL","Africa","Sub-Saharan Africa","Western Africa","Dakar",".sn","fr-SN,wo,fuc,mnk",2245662,221,"SEN","SN","XOF",0,1,,,
197,"07f6f49a-4d49-11ee-9b5f-41aa0475e3d0","Serbia","SERBIA","Europe","Southern Europe",,"Belgrade",".rs","sr,hu,bs,rom",6290252,381,"SRB","RS","RSD",2,1,,,
198,"07f6f6ca-4d49-11ee-a424-29830868c6d3","Seychelles","SEYCHELLES","Africa","Sub-Saharan Africa","Eastern Africa","Victoria",".sc","en-SC,fr-SC",241170,248,"SYC","SC","SCR",2,1,,,
199,"07f6f864-4d49-11ee-8974-8da8df8c5472","Sierra Leone","SIERRA LEONE","Africa","Sub-Saharan Africa","Western Africa","Freetown",".sl","en-SL,men,tem",2403846,232,"SLE","SL","SLL",2,1,,,
200,"07f6fad0-4d49-11ee-acf6-d932fb270081","Singapore","SINGAPORE","Asia","South-eastern Asia",,"Singapore",".sg","cmn,en-SG,ms-SG,ta-SG,zh-SG",1880251,65,"SGP","SG","SGD",2,1,,,
201,"07f6fd14-4d49-11ee-9919-f9bd72be2600","Sint Maarten","SINT MAARTEN (DUTCH PART)","Americas","Latin America and the Caribbean","Caribbean","Philipsburg",".sx","nl,en",7609695,"1-721","SXM","SX","ANG",2,1,,,
202,"07f6ff58-4d49-11ee-80d3-0bbea98e82d1","Slovakia","SLOVAKIA","Europe","Eastern Europe",,"Bratislava",".sk","sk,hu",3057568,421,"SVK","SK","EUR",2,1,,,
203,"07f7019c-4d49-11ee-ba3a-a74aac0260a7","Slovenia","SLOVENIA","Europe","Southern Europe",,"Ljubljana",".si","sl,sh",3190538,386,"SVN","SI","EUR",2,1,,,
204,"07f7073c-4d49-11ee-8dcf-a93dbe87fc98","Solomon Islands","SOLOMON ISLANDS","Oceania","Melanesia",,"Honiara",".sb","en-SB,tpi",2103350,677,"SLB","SB","SBD",2,1,,,
205,"07f70980-4d49-11ee-aae8-49cb72056454","Somalia","SOMALIA","Africa","Sub-Saharan Africa","Eastern Africa","Mogadishu",".so","so-SO,ar-SO,it,en-SO",51537,252,"SOM","SO","SOS",2,1,,,
206,"07f70dae-4d49-11ee-afa7-93061c9f86e6","South Africa","SOUTH AFRICA","Africa","Sub-Saharan Africa","Southern Africa","Pretoria",".za","zu,xh,af,nso,en-ZA,tn,st,ts,ss,ve,nr",953987,27,"ZAF","ZA","ZAR",2,1,,,
207,"07f71010-4d49-11ee-92b3-b749e6908de2","South Georgia & South Sandwich Islands","SOUTH GEORGIA AND THE SOUTH SANDWICH ISLANDS","Americas","Latin America and the Caribbean","South America","Grytviken",".gs","en",3474415,500,"SGS","GS",,,1,,,
208,"07f71240-4d49-11ee-92ff-67f1a0dfd1c1","South Sudan","SOUTH SUDAN","Africa","Sub-Saharan Africa","Eastern Africa","Juba",,"en",7909807,211,"SSD","SS","SSP",2,1,,,
209,"07f71470-4d49-11ee-965d-893e1237167b","Spain","SPAIN","Europe","Southern Europe",,"Madrid",".es","es-ES,ca,gl,eu,oc",2510769,34,"ESP","ES","EUR",2,1,,,
210,"07f716b4-4d49-11ee-b4c7-dff948f07948","Sri Lanka","SRI LANKA","Asia","Southern Asia",,"Colombo",".lk","si,ta,en",1227603,94,"LKA","LK","LKR",2,1,,,
211,"07f718e4-4d49-11ee-b246-9520b3f684de","Palestine","PALESTINE, STATE OF","Asia","Western Asia",,"East Jerusalem",".ps","ar-PS",6254930,970,"PSE","PS",,,1,,,
212,"07f71b0a-4d49-11ee-96dd-b3aa1e6854ec","Sudan","SUDAN","Africa","Northern Africa",,"Khartoum",".sd","ar-SD,en,fia",366755,249,"SDN","SD","SDG",2,1,,,
213,"07f71d3a-4d49-11ee-99d3-67eba40f2754","Suriname","SURINAME","Americas","Latin America and the Caribbean","South America","Paramaribo",".sr","nl-SR,en,srn,hns,jv",3382998,597,"SUR","SR","SRD",2,1,,,
214,"07f71f9c-4d49-11ee-8fa0-933f4b45954d","Svalbard & Jan Mayen","SVALBARD AND JAN MAYEN","Europe","Northern Europe",,"Longyearbyen",".sj","no,ru",607072,47,"SJM","SJ","NOK",2,1,,,
215,"07f721d6-4d49-11ee-a644-1512462809b0","Sweden","SWEDEN","Europe","Northern Europe",,"Stockholm",".se","sv-SE,se,sma,fi-SE",2661886,46,"SWE","SE","SEK",2,1,,,
216,"07f72406-4d49-11ee-8984-43bea2aece79","Switzerland","SWITZERLAND","Europe","Western Europe",,"Bern",".ch","de-CH,fr-CH,it-CH,rm",2658434,41,"CHE","CH","CHF",2,1,,,
217,"07f72672-4d49-11ee-a4ce-2f22e36f106f","Syria","SYRIAN ARAB REPUBLIC","Asia","Western Asia",,"Damascus",".sy","ar-SY,ku,hy,arc,fr,en",163843,963,"SYR","SY","SYP",2,1,,,
218,"07f728ca-4d49-11ee-8d2b-655a62f147d6","Tajikistan","TAJIKISTAN","Asia","Central Asia",,"Dushanbe",".tj","tg,ru",1220409,992,"TJK","TJ","TJS",2,1,,,
219,"07f72b36-4d49-11ee-a6cc-7d00a5cda1fe","Thailand","THAILAND","Asia","South-eastern Asia",,"Bangkok",".th","th,en",1605651,66,"THA","TH","THB",2,1,,,
220,"07f72d8e-4d49-11ee-8daf-159b11497608","North Macedonia","MACEDONIA (THE FORMER YUGOSLAV REPUBLIC OF)","Europe","Southern Europe",,"Skopje",".mk","mk,sq,tr,rmm,sr",718075,389,"MKD","MK","MKD",2,1,,,
221,"07f72ffa-4d49-11ee-955f-75c972e02ca2","Timor-Leste","TIMOR-LESTE","Asia","South-eastern Asia",,"Dili",".tl","tet,pt-TL,id,en",1966436,670,"TLS","TL","USD",2,1,,,
222,"07f73266-4d49-11ee-8ad8-8b2befcae6fe","Togo","TOGO","Africa","Sub-Saharan Africa","Western Africa","Lome",".tg","fr-TG,ee,hna,kbp,dag,ha",2363686,228,"TGO","TG","XOF",0,1,,,
223,"07f734c8-4d49-11ee-85a3-a9d4ef5a7785","Tokelau","TOKELAU","Oceania","Polynesia",,,".tk","tkl,en-TK",4031074,690,"TKL","TK","NZD",2,1,,,
224,"07f73734-4d49-11ee-b013-2d471df1156a","Tonga","TONGA","Oceania","Polynesia",,"Nuku'alofa",".to","to,en-TO",4032283,676,"TON","TO","TOP",2,1,,,
225,"07f73996-4d49-11ee-86a4-fbf89ca5b9ef","Trinidad & Tobago","TRINIDAD AND TOBAGO","Americas","Latin America and the Caribbean","Caribbean","Port of Spain",".tt","en-TT,hns,fr,es,zh",3573591,"1-868","TTO","TT","TTD",2,1,,,
226,"07f73bf8-4d49-11ee-84d8-23515899e18e","Tunisia","TUNISIA","Africa","Northern Africa",,"Tunis",".tn","ar-TN,fr",2464461,216,"TUN","TN","TND",3,1,,,
227,"07f73e64-4d49-11ee-bea3-bb6a470a83b9","Turkey","TURKEY","Asia","Western Asia",,"Ankara",".tr","tr-TR,ku,diq,az,av",298795,90,"TUR","TR","TRY",2,1,,,
228,"07f740c6-4d49-11ee-a6c7-b3182db3c77f","Turkmenistan","TURKMENISTAN","Asia","Central Asia",,"Ashgabat",".tm","tk,ru,uz",1218197,993,"TKM","TM","TMT",2,1,,,
229,"07f7431e-4d49-11ee-85c5-4d9452b4ae31","Turks & Caicos Islands","TURKS AND CAICOS ISLANDS","Americas","Latin America and the Caribbean","Caribbean","Cockburn Town",".tc","en-TC",3576916,"1-649","TCA","TC","USD",2,1,,,
230,"07f74594-4d49-11ee-ae5d-95ffbb42d47f","Tuvalu","TUVALU","Oceania","Polynesia",,"Funafuti",".tv","tvl,en,sm,gil",2110297,688,"TUV","TV","AUD",2,1,,,
231,"07f747ec-4d49-11ee-9ce6-9fc23f43811d","Uganda","UGANDA","Africa","Sub-Saharan Africa","Eastern Africa","Kampala",".ug","en-UG,lg,sw,ar",226074,256,"UGA","UG","UGX",0,1,,,
232,"07f74a44-4d49-11ee-a991-ff24c7e165d0","Ukraine","UKRAINE","Europe","Eastern Europe",,"Kyiv",".ua","uk,ru-UA,rom,pl,hu",690791,380,"UKR","UA","UAH",2,1,,,
233,"07f74c88-4d49-11ee-99d4-55e7a93a111b","United Arab Emirates","UNITED ARAB EMIRATES","Asia","Western Asia",,"Abu Dhabi",".ae","ar-AE,fa,en,hi,ur",290557,971,"ARE","AE","AED",2,1,,,
234,"07f74eea-4d49-11ee-ac91-6b1d543a5d93","UK","UNITED KINGDOM OF GREAT BRITAIN AND NORTHERN IRELAND","Europe","Northern Europe",,"London",".uk","en-GB,cy-GB,gd",2635167,44,"GBR","GB","GBP",2,1,,,
235,"07f7514c-4d49-11ee-bcb9-4368b0f97318","Tanzania","TANZANIA, UNITED REPUBLIC OF","Africa","Sub-Saharan Africa","Eastern Africa","Dodoma",".tz","sw-TZ,en,ar",149590,255,"TZA","TZ","TZS",2,1,,,
236,"07f753ae-4d49-11ee-aaa4-9b581bbeee9f","U.S. Outlying Islands","UNITED STATES MINOR OUTLYING ISLANDS","Oceania","Micronesia",,,".um","en-UM",5854968,"Â ","UMI","UM","USD",2,1,,,
237,"07f75606-4d49-11ee-b221-f7cb3790237d","U.S. Virgin Islands","VIRGIN ISLANDS (U.S.)","Americas","Latin America and the Caribbean","Caribbean","Charlotte Amalie",".vi","en-VI",4796775,"1-340","VIR","VI","USD",2,1,,,
238,"07f7584a-4d49-11ee-99dd-a9fafd16ea9d","US","UNITED STATES OF AMERICA","Americas","Northern America",,"Washington",".us","en-US,es-US,haw,fr",6252001,1,"USA","US","USD",2,1,,,
239,"07f75a98-4d49-11ee-bc09-8d14f88ff041","Uruguay","URUGUAY","Americas","Latin America and the Caribbean","South America","Montevideo",".uy","es-UY",3439705,598,"URY","UY","UYU",2,1,,,
240,"07f75d04-4d49-11ee-9b04-27b085253ccd","Uzbekistan","UZBEKISTAN","Asia","Central Asia",,"Tashkent",".uz","uz,ru,tg",1512440,998,"UZB","UZ","UZS",2,1,,,
241,"07f75f66-4d49-11ee-9876-85e890917a37","Vanuatu","VANUATU","Oceania","Melanesia",,"Port Vila",".vu","bi,en-VU,fr-VU",2134431,678,"VUT","VU","VUV",0,1,,,
242,"07f761be-4d49-11ee-b144-a331ec754559","Venezuela","VENEZUELA (BOLIVARIAN REPUBLIC OF)","Americas","Latin America and the Caribbean","South America","Caracas",".ve","es-VE",3625428,58,"VEN","VE","VES",2,1,,,
243,"07f7640c-4d49-11ee-8219-4dd3d9ed9265","Vietnam","VIET NAM","Asia","South-eastern Asia",,"Hanoi",".vn","vi,en,fr,zh,km",1562822,84,"VNM","VN","VND",0,1,,,
244,"07f76664-4d49-11ee-addb-290aaccea809","Wallis & Futuna","WALLIS AND FUTUNA","Oceania","Polynesia",,"Mata Utu",".wf","wls,fud,fr-WF",4034749,681,"WLF","WF","XPF",0,1,,,
245,"07f768bc-4d49-11ee-94b2-3be721df9c2d","Western Sahara","WESTERN SAHARA","Africa","Northern Africa",,"El-Aaiun",".eh","ar,mey",2461445,212,"ESH","EH","MAD",2,1,,,
246,"07f76b32-4d49-11ee-b862-e18803b7e288","Yemen","YEMEN","Asia","Western Asia",,"Sanaa",".ye","ar-YE",69543,967,"YEM","YE","YER",2,1,,,
247,"07f76d8a-4d49-11ee-a8bc-bbba4d9ef663","Zambia","ZAMBIA","Africa","Sub-Saharan Africa","Eastern Africa","Lusaka",".zm","en-ZM,bem,loz,lun,lue,ny,toi",895949,260,"ZMB","ZM","ZMW",2,1,,,
248,"07f76fec-4d49-11ee-a923-8dcc3c5bcd1d","Zimbabwe","ZIMBABWE","Africa","Sub-Saharan Africa","Eastern Africa","Harare",".zw","en-ZW,sn,nr,nd",878675,263,"ZWE","ZW","ZWL",2,1,,,
249,"07f77230-4d49-11ee-a273-137a19156d58","Ã…land Islands","Ã…LAND ISLANDS","Europe","Northern Europe",,"Mariehamn",".ax","sv-AX",661882,358,"ALA","AX","EUR",2,1,,,
